"Date","total_distance","mean_speed","median_speed","max_speed","n_observations","low_movement","consecutive_low","individual_ID","species"
2022-09-26,2563.40058869562,131.881226724136,82.1340377166297,3967.07393785281,2351,FALSE,NA,"F59774","Roach"
2022-09-27,2704.66988156049,114.960653650522,62.579562284976,2332.24091367876,2846,FALSE,NA,"F59774","Roach"
2022-09-28,2934.31021822637,135.444119127767,92.8389885043901,3119.09102423361,2627,FALSE,NA,"F59774","Roach"
2022-09-29,2983.76738186313,131.689920525325,80.4992644728841,2993.74757790371,2757,FALSE,NA,"F59774","Roach"
2022-09-30,3002.39391311691,126.882899095984,75.0360459951688,4444.75966565913,2789,FALSE,NA,"F59774","Roach"
2022-10-01,2937.53119410895,149.015164847835,101.445039463399,2979.90290277563,2367,FALSE,NA,"F59774","Roach"
2022-10-02,3179.92704673528,192.247096397122,164.599034676105,2105.91598832717,2020,FALSE,NA,"F59774","Roach"
2022-10-03,3356.7636550084,177.733069372981,138.111956146927,9662.6032979374,2323,FALSE,NA,"F59774","Roach"
2022-10-04,3417.63452971193,204.250407386535,156.991736041431,10008.3803159161,1831,FALSE,NA,"F59774","Roach"
2022-10-05,5033.58890791665,237.359589195883,160.42166088938,2441.51759916081,2505,FALSE,NA,"F59774","Roach"
2022-10-06,4472.6860350367,249.256580931317,179.627263063024,9314.584168006,2167,FALSE,NA,"F59774","Roach"
2022-10-07,3808.12950508856,282.002199362594,232.161076788062,4579.17367369454,1550,FALSE,NA,"F59774","Roach"
2022-10-08,6341.94659512747,348.0562588868,297.201188527192,3916.0094107693,2159,FALSE,NA,"F59774","Roach"
2022-10-09,2762.96523165647,187.489827569023,122.46802488373,9768.84441097604,1782,FALSE,NA,"F59774","Roach"
2022-10-10,3938.81760313093,192.5248584868,114.361978139787,14488.6023087268,2455,FALSE,NA,"F59774","Roach"
2022-10-11,4243.15813711968,200.583445956749,141.30491419949,4788.76473766839,2480,FALSE,NA,"F59774","Roach"
2022-10-12,3226.54157887102,182.67201146796,121.009245183803,2852.38878998989,2058,FALSE,NA,"F59774","Roach"
2022-10-13,3276.03941886644,204.362546087766,134.614749556912,3134.15405406644,1868,FALSE,NA,"F59774","Roach"
2022-10-14,2302.77786533885,161.229584316218,101.087849868003,4124.47529897356,1625,FALSE,NA,"F59774","Roach"
2022-10-15,3254.21088125474,247.501199389287,152.730751159387,6166.99725316228,1451,FALSE,NA,"F59774","Roach"
2022-10-16,4796.91422475296,216.215318551135,151.171921028361,2818.96007596759,2721,FALSE,NA,"F59774","Roach"
2022-10-17,416.106793978638,41.7479249582199,13.8334060883749,868.803765797702,1198,TRUE,NA,"F59774","Roach"
2022-10-18,890.896263987323,156.529720531325,64.3099047867592,3092.26232624543,635,FALSE,NA,"F59774","Roach"
2022-10-19,305.396000221644,38.1181170851324,10.1745818164789,840.399029166086,695,TRUE,TRUE,"F59774","Roach"
2022-10-20,431.67731438178,54.993497192762,12.1684352970817,1674.46994595309,907,TRUE,TRUE,"F59774","Roach"
2022-10-21,3257.20393639515,226.307766873374,150.562453171937,2197.20598549789,1666,FALSE,NA,"F59774","Roach"
2022-10-22,4647.66657917631,211.745620022876,123.931865692536,4421.39676286441,2592,FALSE,NA,"F59774","Roach"
2022-10-23,718.388586234215,60.0720635612154,35.8654307011739,1060.18079048347,1423,FALSE,NA,"F59774","Roach"
2022-10-24,3905.40154332253,230.543548113293,175.019428366595,4750.8569034896,1989,FALSE,NA,"F59774","Roach"
2022-10-25,3430.48015837911,229.565401228056,189.710130330041,3402.94911125275,1748,FALSE,NA,"F59774","Roach"
2022-10-26,573.577526522633,78.2534475536086,52.4829621299993,2446.25348096566,715,FALSE,NA,"F59774","Roach"
2022-10-27,166.770272474504,32.4618564921712,14.1647198494661,333.802901936935,574,TRUE,TRUE,"F59774","Roach"
2022-10-28,518.381698511818,78.0009914633361,56.7676355147778,1084.46119120522,573,TRUE,TRUE,"F59774","Roach"
2022-10-29,464.991497100555,117.635788688206,79.0753444424629,1589.05417361787,454,TRUE,TRUE,"F59774","Roach"
2022-09-26,2095.84217494428,88.7577917242683,32.9421400881704,1509.81030484103,2843,FALSE,NA,"F59776","Roach"
2022-09-27,1513.80048226325,66.9893581581189,15.4178126734705,5669.1243725919,2773,FALSE,NA,"F59776","Roach"
2022-09-28,1346.88791429828,65.3424435239047,22.3622363346648,2854.66581309141,2652,FALSE,NA,"F59776","Roach"
2022-09-29,1025.22106300512,46.3361013034103,15.5303515433012,1107.79677731711,2696,FALSE,NA,"F59776","Roach"
2022-09-30,997.443301350415,44.64753941706,17.7602168355882,2014.41835066165,2742,FALSE,NA,"F59776","Roach"
2022-10-01,1583.68155369946,69.5409561283316,32.219105258564,1786.19698168965,2796,FALSE,NA,"F59776","Roach"
2022-10-02,1865.68951001436,104.95621006023,28.0962521540725,4700.81418426571,1811,FALSE,NA,"F59776","Roach"
2022-10-03,428.655206142001,30.2240664693826,12.3218812044913,2107.78087407106,1122,FALSE,NA,"F59776","Roach"
2022-10-04,668.479144471832,49.3925632999466,10.8862340201342,2614.59771801323,1048,FALSE,NA,"F59776","Roach"
2022-10-05,529.872880017545,45.055905190691,13.033272336576,4004.61877532038,1133,FALSE,NA,"F59776","Roach"
2022-10-06,1156.32941139182,81.8349553812719,18.4473802988283,3390.81558756952,1389,FALSE,NA,"F59776","Roach"
2022-10-07,681.515559943487,64.012234835613,13.8382727620026,3686.85402678063,1014,FALSE,NA,"F59776","Roach"
2022-10-08,712.341122394495,47.8809433244825,18.8654220735874,4284.50352846287,1723,FALSE,NA,"F59776","Roach"
2022-10-09,817.223231712468,61.3876925711363,28.5076073687027,2239.08704738512,1504,FALSE,NA,"F59776","Roach"
2022-10-10,1558.56783245087,93.0068428510411,19.7781256251591,5656.25632869087,1889,FALSE,NA,"F59776","Roach"
2022-10-11,1670.98772822245,93.9408750895504,27.9631307262801,4830.86135301197,1902,FALSE,NA,"F59776","Roach"
2022-10-12,874.812044755296,51.4750047719716,18.8709117533776,2427.16031662062,1849,FALSE,NA,"F59776","Roach"
2022-10-13,1265.72528680734,88.3191978468216,30.4855426774317,2646.29880340124,1441,FALSE,NA,"F59776","Roach"
2022-10-14,813.55079205622,99.2219069836788,10.2487499176502,2867.29705551323,843,FALSE,NA,"F59776","Roach"
2022-10-15,2652.7132631057,272.378653415332,10.8047012287337,9637.8678082782,986,FALSE,NA,"F59776","Roach"
2022-10-16,399.625907754345,73.778999845674,5.87252633127038,3170.31457051714,374,FALSE,NA,"F59776","Roach"
2022-10-17,53.3119626188728,9.88975720099005,6.45755888159192,193.568586142263,459,TRUE,TRUE,"F59776","Roach"
2022-10-18,63.1850462158203,9.26567191467194,4.69012643915217,227.893852751234,347,TRUE,TRUE,"F59776","Roach"
2022-10-19,179.884787948505,11.7921437632898,5.94534926882753,889.919453123167,1115,FALSE,NA,"F59776","Roach"
2022-10-20,240.679406139448,21.2473636447974,4.72813477136829,2668.4411455387,828,FALSE,NA,"F59776","Roach"
2022-10-21,502.363953178034,95.0522130982911,5.91298140102805,2336.12394030327,327,FALSE,NA,"F59776","Roach"
2022-10-22,350.119807086214,35.3860954528176,5.17293580351386,2953.85288635963,586,FALSE,NA,"F59776","Roach"
2022-10-23,95.8597115669907,8.28032469544577,4.66919306996442,1530.45289958459,1209,TRUE,NA,"F59776","Roach"
2022-10-24,586.237753768381,136.495053961633,5.46007575974675,1985.07620685196,332,FALSE,NA,"F59776","Roach"
2022-10-25,157.678043054366,34.7420368679186,4.90397679856343,2392.14985029171,289,TRUE,NA,"F59776","Roach"
2022-10-26,459.934741458527,106.586362838032,4.71535660733228,3501.28912711759,424,FALSE,NA,"F59776","Roach"
2022-10-27,672.498983956264,104.343392619066,4.81799882219446,2753.85509652007,549,FALSE,NA,"F59776","Roach"
2022-10-28,311.038242938492,69.4074284007304,4.42659886238838,2099.12282620013,344,FALSE,NA,"F59776","Roach"
2022-10-29,473.897326083639,178.086681272561,7.77124457167979,3498.19779699988,249,FALSE,NA,"F59776","Roach"
2022-09-26,3193.26126577926,157.030313403288,104.742309600752,7375.73298232209,2491,FALSE,NA,"F59777","Roach"
2022-09-27,3524.24011769693,178.273054834183,125.13025836613,3047.40238091294,2349,FALSE,NA,"F59777","Roach"
2022-09-28,3054.30430200382,145.525674194256,89.2374582420585,3875.1899368643,2511,FALSE,NA,"F59777","Roach"
2022-09-29,2902.09061185962,163.547847534532,110.230636647852,2953.55517072013,2111,FALSE,NA,"F59777","Roach"
2022-09-30,2451.20463867934,116.962419836871,53.5429137314233,3940.35365774466,2538,FALSE,NA,"F59777","Roach"
2022-10-01,2903.54062024941,135.563845000179,73.0781862442053,2600.27018766821,2595,FALSE,NA,"F59777","Roach"
2022-10-02,3086.65255257885,150.184170229693,95.143238732137,3004.57173043247,2479,FALSE,NA,"F59777","Roach"
2022-10-03,3702.2919565513,187.526645995248,115.099952501779,7584.72380307568,2354,FALSE,NA,"F59777","Roach"
2022-10-04,3409.74293656528,198.914853694733,125.618277763352,3902.27636658414,2024,FALSE,NA,"F59777","Roach"
2022-10-05,4972.45605695468,227.097403714429,142.575711067705,1363.79628498472,2550,FALSE,NA,"F59777","Roach"
2022-10-06,4807.9546108091,252.040733206714,169.538476336135,2432.71631521517,2273,FALSE,NA,"F59777","Roach"
2022-10-07,4375.73031734178,248.888931810646,193.902231210874,4594.99191668087,2038,FALSE,NA,"F59777","Roach"
2022-10-08,6499.96201805112,330.09500093346,293.129643647039,2812.76983628417,2320,FALSE,NA,"F59777","Roach"
2022-10-09,3597.55052600692,177.751393574504,105.463651048361,2412.38991754909,2353,FALSE,NA,"F59777","Roach"
2022-10-10,4313.72579903754,193.586250151079,134.209976962443,1974.21340780163,2706,FALSE,NA,"F59777","Roach"
2022-10-11,4319.71715524432,192.370548177003,124.70783814205,2439.02049528442,2754,FALSE,NA,"F59777","Roach"
2022-10-12,3279.93395303026,218.560683796983,148.387523750104,3054.01512473985,1760,FALSE,NA,"F59777","Roach"
2022-10-13,4786.79882038434,270.071994476633,215.483418634143,7068.37769339858,1981,FALSE,NA,"F59777","Roach"
2022-10-14,4225.52363820934,216.000606370151,151.592463759758,3509.82362896912,2255,FALSE,NA,"F59777","Roach"
2022-10-15,4852.42327873623,273.359865656748,220.607333614337,3660.03095492358,1997,FALSE,NA,"F59777","Roach"
2022-10-16,4809.45989166139,232.837428651569,178.928137530572,3887.6328253986,2489,FALSE,NA,"F59777","Roach"
2022-10-17,2261.1326046746,173.999521675026,62.8804913944464,2085.44160671141,1490,FALSE,NA,"F59777","Roach"
2022-10-18,2124.03092489961,144.015529341804,54.8700712006034,3115.22879707495,1658,FALSE,NA,"F59777","Roach"
2022-10-19,3691.39455494109,194.011243770466,130.365811957749,2053.60109629733,2183,FALSE,NA,"F59777","Roach"
2022-10-20,4134.67798936841,189.453469669285,85.1374057826122,7367.00890545029,2476,FALSE,NA,"F59777","Roach"
2022-10-21,4499.16497739929,225.811633904806,181.331481850449,4216.60838047265,2289,FALSE,NA,"F59777","Roach"
2022-10-22,4457.96671724123,222.282919656079,165.907960110921,3159.55863130858,2294,FALSE,NA,"F59777","Roach"
2022-10-23,4424.57884672938,199.803461149034,108.627861479321,2690.08706651745,2559,FALSE,NA,"F59777","Roach"
2022-10-24,3675.08170099723,170.278643819851,65.2921235684572,4683.68678736577,2394,FALSE,NA,"F59777","Roach"
2022-10-25,3521.73814113482,268.400248084223,268.452077918175,1566.91502462958,1458,FALSE,NA,"F59777","Roach"
2022-10-26,3881.14256607352,283.797353539972,279.525201106343,3401.59071197806,1544,FALSE,NA,"F59777","Roach"
2022-10-27,3687.70570606033,215.439446213756,189.38388221625,2686.34373971611,1946,FALSE,NA,"F59777","Roach"
2022-10-28,4369.61074776663,269.3368604468,269.268694065741,2939.74107569942,1750,FALSE,NA,"F59777","Roach"
2022-10-29,3103.80146827176,244.618436483148,231.832353474011,3382.64965591894,1344,FALSE,NA,"F59777","Roach"
2022-09-26,1072.5076375273,54.0753587528772,20.0313748224083,812.377077004322,2315,FALSE,NA,"F59783","Roach"
2022-09-27,1856.89152697,94.6687185243847,23.7494440710305,3572.30446254583,2181,FALSE,NA,"F59783","Roach"
2022-09-28,1551.17306876027,71.3448982032101,23.5591050347139,1153.31644317094,2645,FALSE,NA,"F59783","Roach"
2022-09-29,1344.7942873583,58.380342841203,18.2737883029721,1761.71736611511,2786,FALSE,NA,"F59783","Roach"
2022-09-30,1446.41362667632,64.8565153757851,27.025265304891,2534.71062253034,2667,FALSE,NA,"F59783","Roach"
2022-10-01,1621.80483660566,80.7928679186644,35.0428798263147,918.155704524779,2319,FALSE,NA,"F59783","Roach"
2022-10-02,1279.12931693394,101.678893741127,30.9117241105303,3233.86334005592,1302,FALSE,NA,"F59783","Roach"
2022-10-03,735.881046323574,101.334394898763,36.4322413461719,3664.34219614212,702,FALSE,NA,"F59783","Roach"
2022-10-04,452.608425277467,46.2773674855147,20.0415974352546,1804.49872996355,1106,FALSE,NA,"F59783","Roach"
2022-10-05,913.935185402565,67.9654110690736,25.2202324294872,2172.88630486389,1614,FALSE,NA,"F59783","Roach"
2022-10-06,888.659051299791,65.1556056661286,30.8584970208267,2922.62118076606,1485,FALSE,NA,"F59783","Roach"
2022-10-07,451.130273916633,55.3307211741433,21.8788950071802,843.883529325842,752,FALSE,NA,"F59783","Roach"
2022-10-08,0.532860446081023,0.0978430361854242,0.0978430361854242,0.0978430361854242,1,TRUE,TRUE,"F59783","Roach"
2022-10-14,10.414040702774,4.42633911778455,0.782920797278865,24.1518681318083,11,TRUE,TRUE,"F59783","Roach"
2022-10-15,1.17588478851496,0.0455081084614949,0.0455081084614949,0.0455081084614949,1,TRUE,TRUE,"F59783","Roach"
2022-10-18,1.861790931818,0.552998950977622,0.0565414723185793,1.58472891438102,3,TRUE,TRUE,"F59783","Roach"
2022-10-20,0.383107182645788,0.0814085756145842,0.0814085756145842,0.156419078709261,2,TRUE,TRUE,"F59783","Roach"
2022-10-22,0.937146073135684,1.21690526099031,0.186333516707507,4.48499956133844,4,TRUE,TRUE,"F59783","Roach"
2022-10-23,2.08301304102509,0.0830578794410891,0.0830578794410891,0.0830578794410891,1,TRUE,TRUE,"F59783","Roach"
2022-09-26,2741.4813579957,128.934727166872,76.7964097748631,1316.98040513494,2568,FALSE,NA,"F59803","Roach"
2022-09-27,2855.98282394108,151.177211713007,99.835654408939,2652.44947904169,2295,FALSE,NA,"F59803","Roach"
2022-09-28,2573.06807579852,126.334270413418,68.3916486255824,4119.45167293674,2510,FALSE,NA,"F59803","Roach"
2022-09-29,2078.9921133961,98.3423807121726,54.2140077238058,2215.08596569111,2597,FALSE,NA,"F59803","Roach"
2022-09-30,1897.37145561138,81.1008689674388,31.5873583775652,1726.21366882826,2823,FALSE,NA,"F59803","Roach"
2022-10-01,2280.97978812585,100.11291305573,28.6443688629431,6872.80967490112,2831,FALSE,NA,"F59803","Roach"
2022-10-02,2531.13843695906,113.230990236382,56.7318109859655,6425.15314724055,2817,FALSE,NA,"F59803","Roach"
2022-10-03,3089.30066182613,142.017455520701,102.426738476908,5171.15995017674,2650,FALSE,NA,"F59803","Roach"
2022-10-04,2560.24646788007,117.328682049884,87.2481345782833,1215.53836703713,2674,FALSE,NA,"F59803","Roach"
2022-10-05,4847.69363320055,213.409101966864,152.02971707351,3455.76314564169,2744,FALSE,NA,"F59803","Roach"
2022-10-06,3569.00128642906,220.59070566466,126.811882553466,3856.46091435639,1960,FALSE,NA,"F59803","Roach"
2022-10-07,4195.69094266419,185.071305919555,125.257802359556,2614.72309546491,2725,FALSE,NA,"F59803","Roach"
2022-10-08,4759.31670082796,247.992287257077,138.288896775041,2735.09010569813,2291,FALSE,NA,"F59803","Roach"
2022-10-09,2513.21261873558,114.726779803444,75.6292009864389,1514.47497745522,2674,FALSE,NA,"F59803","Roach"
2022-10-10,3529.99528920075,153.336408614712,107.857731866425,3474.45339682808,2833,FALSE,NA,"F59803","Roach"
2022-10-11,2990.55349323921,132.24441690591,93.4574350916758,1623.21586948137,2767,FALSE,NA,"F59803","Roach"
2022-10-12,3816.15508939143,190.890045370908,118.90049315694,2100.60889556832,2410,FALSE,NA,"F59803","Roach"
2022-10-13,3905.98530443246,201.600510462652,127.399959737771,2249.47182470682,2286,FALSE,NA,"F59803","Roach"
2022-10-14,3938.93494388729,178.267846802515,111.179168003476,7577.83174236652,2699,FALSE,NA,"F59803","Roach"
2022-10-15,4843.8049819815,222.028985626986,143.912658905513,2756.97525225756,2586,FALSE,NA,"F59803","Roach"
2022-10-16,4093.58055587713,188.905996779758,127.42585177677,2598.73258421322,2590,FALSE,NA,"F59803","Roach"
2022-10-17,1819.7861674824,107.029702737963,55.7498394729165,1422.73617597717,2008,FALSE,NA,"F59803","Roach"
2022-10-18,1337.77401725867,80.7016213132259,34.2714064785459,3312.30787763889,2016,FALSE,NA,"F59803","Roach"
2022-10-19,3877.82200613323,177.558427152208,113.523479658162,1658.41325938787,2523,FALSE,NA,"F59803","Roach"
2022-10-20,4010.19879036887,175.424741035272,73.0179839842937,2073.19037707043,2711,FALSE,NA,"F59803","Roach"
2022-10-21,4328.83851132289,192.036056915849,94.1092366900105,1671.15586886683,2608,FALSE,NA,"F59803","Roach"
2022-10-22,4591.64674676266,209.322886900513,132.942871210951,2152.04959184674,2610,FALSE,NA,"F59803","Roach"
2022-10-23,4133.34538872414,191.248200836331,84.4310135705921,1381.77290814251,2611,FALSE,NA,"F59803","Roach"
2022-10-24,3843.35604334871,190.925989408265,100.735587011859,6501.83528926773,2406,FALSE,NA,"F59803","Roach"
2022-10-25,3797.12920600375,203.800940757853,153.544400629781,2136.98384970323,2167,FALSE,NA,"F59803","Roach"
2022-10-26,3983.36520074931,202.209472225057,131.872531381326,1979.51923387342,2340,FALSE,NA,"F59803","Roach"
2022-10-27,3416.15132592021,172.462895325423,120.077042504211,1650.35667721924,2362,FALSE,NA,"F59803","Roach"
2022-10-28,3517.50470335633,185.595056830242,84.6374215230832,2825.13212766537,2174,FALSE,NA,"F59803","Roach"
2022-10-29,3253.3457719539,218.390529388949,185.707146486063,1299.05179945159,1673,FALSE,NA,"F59803","Roach"
2022-09-26,3392.37333366069,173.369578017715,116.096101816784,2528.26506167004,2433,FALSE,NA,"F59807","Roach"
2022-09-27,3895.12697076927,188.44783048602,122.293210506697,5088.41057195312,2560,FALSE,NA,"F59807","Roach"
2022-09-28,3745.20992039808,191.803154807456,138.778544481986,6122.60782506461,2344,FALSE,NA,"F59807","Roach"
2022-09-29,3163.59753213007,158.149682152047,106.2549647901,5091.65280565679,2402,FALSE,NA,"F59807","Roach"
2022-09-30,3209.22989454915,155.583433867584,110.43458082093,3836.30882054095,2477,FALSE,NA,"F59807","Roach"
2022-10-01,3757.90490780712,170.520715242692,102.365217396508,4386.97152419772,2683,FALSE,NA,"F59807","Roach"
2022-10-02,3565.43787298065,167.543593674724,136.737095993367,4214.79569633872,2538,FALSE,NA,"F59807","Roach"
2022-10-03,3779.11777809177,175.876189350818,124.713275226387,3527.17121136471,2570,FALSE,NA,"F59807","Roach"
2022-10-04,3478.22889610465,156.341562381312,105.724411174876,5641.48030751918,2691,FALSE,NA,"F59807","Roach"
2022-10-05,4651.59583274881,242.74338000113,196.279669009431,5822.76790005746,2295,FALSE,NA,"F59807","Roach"
2022-10-06,4478.82093094526,238.112285720719,180.126159862014,4455.7238419194,2235,FALSE,NA,"F59807","Roach"
2022-10-07,3986.08258354732,198.392970648205,161.826559477829,2068.6829900297,2366,FALSE,NA,"F59807","Roach"
2022-10-08,5609.60703860051,327.650085325475,255.416647463323,4051.83816490879,2010,FALSE,NA,"F59807","Roach"
2022-10-09,2958.18326835161,160.362944686753,99.8146982588595,4463.02846589903,2180,FALSE,NA,"F59807","Roach"
2022-10-10,4059.92993964916,182.722834886867,139.817445157619,3041.74978940473,2633,FALSE,NA,"F59807","Roach"
2022-10-11,3865.73357450968,180.302209909091,143.648294252839,3865.96467322138,2615,FALSE,NA,"F59807","Roach"
2022-10-12,2727.3359344385,152.055790667839,62.9453619964075,9179.36483704233,2193,FALSE,NA,"F59807","Roach"
2022-10-13,2048.19947229491,151.420580020488,79.2118311867478,6611.12464107564,1616,FALSE,NA,"F59807","Roach"
2022-10-14,4639.24517073315,205.636019119945,150.87142623761,3672.10905133405,2652,FALSE,NA,"F59807","Roach"
2022-10-15,4761.04996712234,242.056157305759,170.694362688464,3189.15219169234,2262,FALSE,NA,"F59807","Roach"
2022-10-16,4503.86323922666,189.335618473835,147.565365941845,1281.56684488374,2871,FALSE,NA,"F59807","Roach"
2022-10-17,3343.02966133951,190.150335331345,97.3468934033698,4005.74523401215,2083,FALSE,NA,"F59807","Roach"
2022-10-18,2870.45877023132,161.705898499626,96.4733257209244,2691.45492958594,2113,FALSE,NA,"F59807","Roach"
2022-10-19,4067.95519206923,187.642571702639,123.577274982997,2974.96892571154,2472,FALSE,NA,"F59807","Roach"
2022-10-20,4003.77949809398,179.010732560174,71.2148858107802,2046.58409873889,2643,FALSE,NA,"F59807","Roach"
2022-10-21,4884.72006269196,216.868711586288,133.187745296391,2540.77538418236,2655,FALSE,NA,"F59807","Roach"
2022-10-22,4822.66863476659,224.935656568937,166.848652907234,3625.37364047642,2546,FALSE,NA,"F59807","Roach"
2022-10-23,4795.29169829714,223.699815796582,148.787373741126,2635.47462639443,2573,FALSE,NA,"F59807","Roach"
2022-10-24,3333.45322805828,191.124956536043,143.150385019314,3055.24119745002,2101,FALSE,NA,"F59807","Roach"
2022-10-25,4015.85940449948,203.675469551119,188.218238159385,979.882195944641,2231,FALSE,NA,"F59807","Roach"
2022-10-26,3787.63421977477,180.846924448394,91.7413898346728,2653.16976054939,2498,FALSE,NA,"F59807","Roach"
2022-10-27,3561.7540876846,166.414677782552,121.16667070086,963.51748184481,2558,FALSE,NA,"F59807","Roach"
2022-10-28,3860.12406319826,224.493496792031,200.961492763215,1946.24123748723,2007,FALSE,NA,"F59807","Roach"
2022-10-29,3483.28245828237,229.850797664645,204.244182677584,2791.66166818377,1736,FALSE,NA,"F59807","Roach"
2022-09-26,2388.16432045905,106.80480493117,67.2203835311083,748.024007879553,2717,FALSE,NA,"F59809","Roach"
2022-09-27,2773.2151447914,122.602948867004,79.2554225018818,2148.66033818902,2739,FALSE,NA,"F59809","Roach"
2022-09-28,2798.21114137357,120.047546245381,78.2886127442003,3511.0272670873,2834,FALSE,NA,"F59809","Roach"
2022-09-29,2559.16216403909,114.800690764635,67.9110521305381,4330.53523217213,2725,FALSE,NA,"F59809","Roach"
2022-09-30,1928.73224822782,91.6813979476602,65.466335927802,1185.92608715683,2511,FALSE,NA,"F59809","Roach"
2022-10-01,2240.83252766,118.809145358099,69.3610884361551,4484.98986427779,2208,FALSE,NA,"F59809","Roach"
2022-10-02,2277.6538163001,109.189337933898,69.966088176519,3171.72739672252,2439,FALSE,NA,"F59809","Roach"
2022-10-03,2929.77857000062,137.373291575274,89.2674577538263,4856.44813052355,2559,FALSE,NA,"F59809","Roach"
2022-10-04,2795.3939811176,132.083067567182,86.0572142422429,7577.51216983431,2514,FALSE,NA,"F59809","Roach"
2022-10-05,4143.34150243155,191.654733954252,133.143700121866,2538.08834171986,2599,FALSE,NA,"F59809","Roach"
2022-10-06,2439.5338682964,189.068352015569,97.3229646835505,6497.12311300432,1554,FALSE,NA,"F59809","Roach"
2022-10-07,2410.99942981719,150.862934980928,86.8686401007245,12707.3249295337,2002,FALSE,NA,"F59809","Roach"
2022-10-08,1300.93643546907,94.2733303590151,44.5048031185763,7745.28091962935,1594,FALSE,NA,"F59809","Roach"
2022-10-09,1094.20770396888,94.5593531355944,56.2044082136879,4019.24789976884,1404,FALSE,NA,"F59809","Roach"
2022-10-10,1302.65862723055,105.018312174629,67.7963840138934,3899.22293863677,1481,FALSE,NA,"F59809","Roach"
2022-10-11,1007.82594439333,76.8615258597469,32.5443663218882,2891.24311206779,1594,FALSE,NA,"F59809","Roach"
2022-10-12,664.006090290812,55.9629620116746,33.0054337654283,577.452441125155,1464,FALSE,NA,"F59809","Roach"
2022-10-13,1435.00123097553,119.69896377635,58.1346071706152,7487.95573155583,1277,FALSE,NA,"F59809","Roach"
2022-10-14,1012.2037065556,150.499238394042,81.8118831634519,5178.57544549416,799,FALSE,NA,"F59809","Roach"
2022-10-15,1019.81867143795,74.44157928133,56.0398119259628,1906.73921480622,1661,FALSE,NA,"F59809","Roach"
2022-10-16,1174.87881324526,78.9739694183028,60.2732766251489,1357.49312165423,1757,FALSE,NA,"F59809","Roach"
2022-10-17,371.957777568017,55.3309581566057,39.7882399326759,421.118106825014,808,FALSE,NA,"F59809","Roach"
2022-10-18,11.0807286085748,8.57517108584623,3.25132813956316,164.972454916655,78,TRUE,TRUE,"F59809","Roach"
2022-10-19,24.9197586520656,38.1050021546087,1.13467227063803,221.033197754629,52,TRUE,TRUE,"F59809","Roach"
2022-10-20,44.6723320694038,5.11042614836876,1.9993777322396,44.77347169533,21,TRUE,TRUE,"F59809","Roach"
2022-10-21,376.427173339954,75.9721276342742,70.1645580666668,1122.9610434511,395,FALSE,NA,"F59809","Roach"
2022-10-22,680.807332988218,93.6627044080733,79.2696601243823,2421.65782888149,875,FALSE,NA,"F59809","Roach"
2022-10-23,18.7899922609482,7.05772691733939,1.7587632331469,87.5986526539146,89,TRUE,TRUE,"F59809","Roach"
2022-10-24,9.57939010050978,120.521451933272,120.521451933272,241.024675097152,2,TRUE,TRUE,"F59809","Roach"
2022-10-25,27.9657649474918,145.196911217623,0.807703622457322,817.726719953724,6,TRUE,TRUE,"F59809","Roach"
2022-10-26,13.1776738634747,3.03996898869377,1.0358805559975,31.5921439583286,32,TRUE,TRUE,"F59809","Roach"
2022-10-27,701.339912232654,98.4973357833391,65.4321351675846,2682.27900515191,731,FALSE,NA,"F59809","Roach"
2022-10-28,666.503087750091,63.9536751929897,54.5683768254975,616.026985787337,1248,FALSE,NA,"F59809","Roach"
2022-10-29,711.32592356299,70.763656574695,43.2405912193537,586.539506780404,1100,FALSE,NA,"F59809","Roach"
2022-09-26,1077.64436437682,63.0846558974956,27.9652264969549,3417.1899737292,2058,FALSE,NA,"F59810","Roach"
2022-09-27,1118.87903630335,61.311527663559,21.2554684915586,3458.0435506005,1942,FALSE,NA,"F59810","Roach"
2022-09-28,2117.43390310997,96.3826973356052,48.3805141848023,2994.31102491987,2703,FALSE,NA,"F59810","Roach"
2022-09-29,1615.25928393003,72.6085648340309,31.1935073747711,4043.39159557631,2756,FALSE,NA,"F59810","Roach"
2022-09-30,1731.59968641425,76.698935178894,38.7005423929654,1874.70633749506,2657,FALSE,NA,"F59810","Roach"
2022-10-01,1942.55109567488,98.3463214033111,55.1562137585576,4670.33097812418,2122,FALSE,NA,"F59810","Roach"
2022-10-02,1669.87970205687,76.2173974004085,40.1497679526399,3976.69596800702,2563,FALSE,NA,"F59810","Roach"
2022-10-03,1414.35973530026,68.3251698734303,46.4744360923262,3007.515912535,2225,FALSE,NA,"F59810","Roach"
2022-10-04,736.050424638988,34.9434143534695,21.144609194758,3107.42376941506,2040,FALSE,NA,"F59810","Roach"
2022-10-05,131.492178060989,12.5208118703676,6.64048717519727,484.642649983284,1190,TRUE,TRUE,"F59810","Roach"
2022-10-06,210.806636959089,12.3484263358731,5.30341956143115,262.232201787964,1796,TRUE,TRUE,"F59810","Roach"
2022-10-07,65.5838649774999,9.01489370959699,4.47221480735184,37.3701475486632,6,TRUE,TRUE,"F59810","Roach"
2022-10-08,19.9713826909609,8.73497796124646,8.73497796124646,16.5908795602285,2,TRUE,TRUE,"F59810","Roach"
2022-09-26,3608.89642698103,155.496254541296,117.895615193,1432.52621479727,2805,FALSE,NA,"F59812","Roach"
2022-09-27,4057.23420354908,173.718355473482,127.315282110353,2698.93679033356,2840,FALSE,NA,"F59812","Roach"
2022-09-28,3789.21352258148,162.094629733554,127.854935235498,5890.32367937741,2831,FALSE,NA,"F59812","Roach"
2022-09-29,3967.12158977802,173.84146919061,127.742711906989,5764.05336886676,2767,FALSE,NA,"F59812","Roach"
2022-09-30,3109.26705980623,131.872692930911,95.1026393749845,1325.40120433924,2855,FALSE,NA,"F59812","Roach"
2022-10-01,3328.10567050543,145.113239587522,105.296562334649,1246.38202769134,2796,FALSE,NA,"F59812","Roach"
2022-10-02,3318.70843941645,143.074598851012,115.403017852582,773.049563391972,2809,FALSE,NA,"F59812","Roach"
2022-10-03,4879.62664676298,210.448263680361,151.166658270499,4851.33516141191,2722,FALSE,NA,"F59812","Roach"
2022-10-04,4872.80613595307,220.43814538439,143.376704478287,8887.99839130354,2609,FALSE,NA,"F59812","Roach"
2022-10-05,5680.35461279853,267.753486147685,206.327264727011,5691.08655951151,2580,FALSE,NA,"F59812","Roach"
2022-10-06,5220.25079116187,254.888310706325,199.205464300744,5362.91892909645,2469,FALSE,NA,"F59812","Roach"
2022-10-07,5014.91334947176,244.33903756365,197.219308034663,5933.4597307664,2419,FALSE,NA,"F59812","Roach"
2022-10-08,7552.27289575929,359.322168302622,305.265147376946,6719.22734018444,2508,FALSE,NA,"F59812","Roach"
2022-10-09,3130.30227528762,152.613642562178,74.9115350827298,5177.73513679535,2517,FALSE,NA,"F59812","Roach"
2022-10-10,4560.57733754737,194.898240728455,144.263989723919,2131.53745212191,2846,FALSE,NA,"F59812","Roach"
2022-10-11,4504.46590594587,195.90813861255,151.285615849633,1042.20664115536,2786,FALSE,NA,"F59812","Roach"
2022-10-12,4972.78075485409,220.523621265681,142.688403525355,1025.91056221029,2715,FALSE,NA,"F59812","Roach"
2022-10-13,5761.73839283679,250.784600234346,189.655395178573,3993.31563540763,2786,FALSE,NA,"F59812","Roach"
2022-10-14,5025.35991284929,218.853512510299,179.782676402694,1722.34375617955,2745,FALSE,NA,"F59812","Roach"
2022-10-15,5579.70491921397,241.803987828435,182.573201142046,2179.94854405282,2747,FALSE,NA,"F59812","Roach"
2022-10-16,5229.04762589498,250.233729090353,222.224726415482,4254.6891544876,2524,FALSE,NA,"F59812","Roach"
2022-10-17,2788.89509230023,142.902213958848,65.4199342529859,1840.66358348364,2376,FALSE,NA,"F59812","Roach"
2022-10-18,4584.76896832154,214.088253785369,162.469006398022,2495.26514746103,2601,FALSE,NA,"F59812","Roach"
2022-10-19,4881.05976761189,224.91096386066,183.522954954741,2060.81821511369,2591,FALSE,NA,"F59812","Roach"
2022-10-20,4894.6042474882,228.595594465727,174.66372727038,2398.72714417015,2540,FALSE,NA,"F59812","Roach"
2022-10-21,4916.06173318673,232.879639283294,185.783732862713,1598.0058607647,2497,FALSE,NA,"F59812","Roach"
2022-10-22,4474.01195421557,207.196537916279,111.126746404564,2722.1508614519,2582,FALSE,NA,"F59812","Roach"
2022-10-23,4614.86901607261,212.845734266918,134.985322895394,3304.6363714419,2610,FALSE,NA,"F59812","Roach"
2022-10-24,4084.50369553823,213.587718732176,154.472921538346,2746.59351685814,2254,FALSE,NA,"F59812","Roach"
2022-10-25,3847.64790656231,189.593616236164,122.76957828927,1913.54140283106,2391,FALSE,NA,"F59812","Roach"
2022-10-26,3963.45832342782,246.287320206943,251.594618481998,1772.73665213764,1924,FALSE,NA,"F59812","Roach"
2022-10-27,3364.67008536877,175.048251624692,127.15572619695,1551.37079514066,2335,FALSE,NA,"F59812","Roach"
2022-10-28,4001.02242999979,200.393469386968,134.74737709043,2260.15318720961,2367,FALSE,NA,"F59812","Roach"
2022-10-29,3196.141416234,226.216052036434,205.80857724377,1761.50795172003,1599,FALSE,NA,"F59812","Roach"
2022-09-26,3237.71909410392,174.489510109514,119.796874112558,6908.41721967376,2182,FALSE,NA,"F59815","Roach"
2022-09-27,3534.12687278312,173.425164312892,116.524705496743,6728.13584187928,2532,FALSE,NA,"F59815","Roach"
2022-09-28,3094.9085087309,155.266250025388,112.058305054632,1697.97395626398,2397,FALSE,NA,"F59815","Roach"
2022-09-29,3111.63722639896,141.466773256953,99.1078752553772,1995.39052165724,2716,FALSE,NA,"F59815","Roach"
2022-09-30,2880.91481027103,128.194999557195,83.3441493978709,1202.88562922651,2728,FALSE,NA,"F59815","Roach"
2022-10-01,3103.1631530672,132.668506117661,92.6662695689212,3611.10822799755,2840,FALSE,NA,"F59815","Roach"
2022-10-02,3404.33424882162,159.993534623074,115.084968128565,1607.3031533414,2592,FALSE,NA,"F59815","Roach"
2022-10-03,4472.94100864131,208.11615558722,148.823248344911,4313.7925872934,2575,FALSE,NA,"F59815","Roach"
2022-10-04,3621.40839753723,182.334270785315,138.103205534559,4862.16568375557,2433,FALSE,NA,"F59815","Roach"
2022-10-05,5145.93077431562,255.076579450148,213.451071084262,3180.59331327277,2424,FALSE,NA,"F59815","Roach"
2022-10-06,4589.55625862195,236.983223616169,173.309145366896,4990.33916320068,2349,FALSE,NA,"F59815","Roach"
2022-10-07,4389.45472625117,204.252175129827,154.60373092261,2396.01741905121,2603,FALSE,NA,"F59815","Roach"
2022-10-08,5432.60838132934,249.749064882204,190.770335475388,2830.23840104871,2639,FALSE,NA,"F59815","Roach"
2022-10-09,3231.2924324189,149.291151777569,93.8928814179604,1205.93252120131,2647,FALSE,NA,"F59815","Roach"
2022-10-10,3699.07312061945,160.518978934651,89.664117281393,2998.89897852886,2815,FALSE,NA,"F59815","Roach"
2022-10-11,3224.64321024645,142.627590602399,81.1519123628124,2583.14392013587,2779,FALSE,NA,"F59815","Roach"
2022-10-12,4448.91130175945,195.117931428564,132.464974185048,3389.77994939865,2789,FALSE,NA,"F59815","Roach"
2022-10-13,3804.5382343005,170.00504286241,107.122340075746,1334.44485541703,2722,FALSE,NA,"F59815","Roach"
2022-10-14,3327.15174666846,168.478731702917,108.124764951855,2570.96386741097,2400,FALSE,NA,"F59815","Roach"
2022-10-15,3460.27025021217,178.753853241235,118.343847473429,2451.22695563031,2341,FALSE,NA,"F59815","Roach"
2022-10-16,3893.09654368982,174.584154282975,112.256232072429,2565.68488807278,2717,FALSE,NA,"F59815","Roach"
2022-10-17,4182.23108284338,207.044477351694,100.251664645233,4233.99760346107,2419,FALSE,NA,"F59815","Roach"
2022-10-18,3035.03421654718,189.801232774369,163.40480998071,2500.10144073804,1939,FALSE,NA,"F59815","Roach"
2022-10-19,3413.75349706144,164.147509547728,64.5933250140119,2988.8057179542,2461,FALSE,NA,"F59815","Roach"
2022-10-20,3942.66932254622,199.817937904334,136.077015025594,2208.05267740507,2329,FALSE,NA,"F59815","Roach"
2022-10-21,4430.34375332333,196.699316385372,111.610917099717,2321.21611028274,2605,FALSE,NA,"F59815","Roach"
2022-10-22,3466.84028723352,150.583608862919,32.1468722462759,1909.21023644015,2725,FALSE,NA,"F59815","Roach"
2022-10-23,3942.60085399872,171.219770016718,42.1468801423393,3990.07263007691,2699,FALSE,NA,"F59815","Roach"
2022-10-24,3158.4038208582,143.274099619129,62.0433031357764,2103.00510281562,2510,FALSE,NA,"F59815","Roach"
2022-10-25,3092.03958653128,145.046329838383,64.9549735387674,2547.07275869862,2524,FALSE,NA,"F59815","Roach"
2022-10-26,1395.82563546822,107.885505991192,48.3384955553871,2789.26852529752,1573,FALSE,NA,"F59815","Roach"
2022-10-27,1356.06253787966,91.4417373861772,53.0905418641124,1314.55433235527,1740,FALSE,NA,"F59815","Roach"
2022-10-28,1960.22373255162,125.335162796043,74.4895701155484,1985.5195687319,1805,FALSE,NA,"F59815","Roach"
2022-10-29,2802.52063196632,179.760179918509,138.258503024856,2435.3311518732,1775,FALSE,NA,"F59815","Roach"
2022-09-26,581.486617524446,30.9625656003157,15.5946396332962,3237.30852143153,2375,FALSE,NA,"F59750","Perch"
2022-09-27,738.19969564445,35.1698391029591,12.8293009682863,4909.53574705209,2126,FALSE,NA,"F59750","Perch"
2022-09-28,629.389870602394,63.5256135000577,26.6843520269086,1470.52259495268,684,FALSE,NA,"F59750","Perch"
2022-09-29,1223.73772408942,122.822942881326,51.8903425977518,3277.22023462321,1023,FALSE,NA,"F59750","Perch"
2022-09-30,931.442728369774,67.647638484358,22.0773979768985,1990.78339236161,1389,FALSE,NA,"F59750","Perch"
2022-10-01,828.304234056379,47.3133826851832,23.6711729052045,1820.96700528149,2129,FALSE,NA,"F59750","Perch"
2022-10-02,1033.41291273365,115.770954092187,44.1769548360845,1399.8959918282,616,FALSE,NA,"F59750","Perch"
2022-10-03,1814.5863801359,112.218300044991,33.4401894902225,1648.53975539114,1136,FALSE,NA,"F59750","Perch"
2022-10-04,511.847321788963,38.7284973475525,15.3053104740177,1006.4588947477,1453,FALSE,NA,"F59750","Perch"
2022-10-05,1682.61314247198,82.3700083331552,32.3961254482171,3210.16950634414,1906,FALSE,NA,"F59750","Perch"
2022-10-06,1100.58403479982,58.6852848094502,17.9020242079686,1618.69051257605,1548,FALSE,NA,"F59750","Perch"
2022-10-07,1545.76860999942,161.735577209653,21.4307985718344,4357.73258354461,812,FALSE,NA,"F59750","Perch"
2022-10-08,1243.34539577326,101.876910231931,24.6154381991086,4566.16243481804,1204,FALSE,NA,"F59750","Perch"
2022-10-09,653.96761920884,252.09439423488,196.126650435371,3021.35698324626,180,FALSE,NA,"F59750","Perch"
2022-10-10,522.913028080775,197.760245079467,174.500970895066,1402.32513664233,156,FALSE,NA,"F59750","Perch"
2022-10-11,1544.85152073184,95.9471434142192,20.3229051004046,11831.4877845376,1102,FALSE,NA,"F59750","Perch"
2022-10-12,1185.34229654493,190.398968552208,19.7057870942379,2405.60037527155,776,FALSE,NA,"F59750","Perch"
2022-09-26,653.450156973149,63.8966457465505,30.0804340271623,1264.22500689928,1068,FALSE,NA,"F59752","Perch"
2022-09-27,815.66841130189,53.2487099538453,10.6729832930862,1400.10786204729,1695,FALSE,NA,"F59752","Perch"
2022-09-28,1823.92807441934,197.455175039763,84.2857263768003,2637.44955257602,750,FALSE,NA,"F59752","Perch"
2022-09-29,2114.62146125019,135.805547221545,25.399283703757,3391.71394255751,1376,FALSE,NA,"F59752","Perch"
2022-09-30,1282.40042683926,123.950766282915,26.2410446745236,3820.12407779187,1024,FALSE,NA,"F59752","Perch"
2022-10-01,755.462662229999,72.3166457783095,17.5830019423239,2124.22338642904,1190,FALSE,NA,"F59752","Perch"
2022-10-02,1299.8986099709,283.723103770065,240.107443525388,2736.85557778426,354,FALSE,NA,"F59752","Perch"
2022-10-03,1132.95164271017,196.383418514911,75.5107582585021,3368.61459076597,512,FALSE,NA,"F59752","Perch"
2022-10-04,811.452316148785,51.6205862602669,8.01121643179318,1665.10066735508,1664,FALSE,NA,"F59752","Perch"
2022-10-05,550.408224238538,216.914408028181,95.1012831115288,3152.09048540337,220,FALSE,NA,"F59752","Perch"
2022-10-06,932.578747166607,82.3359759431536,19.1531201389316,1359.99791204922,924,FALSE,NA,"F59752","Perch"
2022-10-07,11.4601400390592,216.022095626741,302.377086637062,345.098347987986,3,TRUE,NA,"F59752","Perch"
2022-10-08,260.988233930961,69.7510773321337,18.1846042019879,1132.27397158559,365,FALSE,NA,"F59752","Perch"
2022-10-09,370.873043757204,68.1955170583337,19.3155592780111,1520.37994673984,546,FALSE,NA,"F59752","Perch"
2022-09-26,116.02360070122,34.2851832050819,6.60291972120592,932.91671803667,180,FALSE,NA,"F59755","Perch"
2022-09-27,753.356513664897,89.9931434373375,27.3581729369861,2437.98555126525,746,FALSE,NA,"F59755","Perch"
2022-09-28,502.351182486363,74.006317469928,32.8271447330675,2112.39210722665,655,FALSE,NA,"F59755","Perch"
2022-09-29,1158.88995053473,135.157622277121,36.0004884940806,10970.8435591104,976,FALSE,NA,"F59755","Perch"
2022-09-30,876.734879740825,71.673232217835,13.1314994151697,3012.05264362926,1128,FALSE,NA,"F59755","Perch"
2022-10-01,537.111076231232,92.0841373562448,36.9698129020336,2102.87481463708,526,FALSE,NA,"F59755","Perch"
2022-10-02,238.111039872628,62.2486312689179,31.651925294747,857.02502421818,377,FALSE,NA,"F59755","Perch"
2022-10-03,123.849998368055,53.3889547500135,17.5650015024617,1652.57129550715,265,FALSE,NA,"F59755","Perch"
2022-10-04,862.376832266583,51.1045500945777,15.8600952353634,8194.45476244884,2073,FALSE,NA,"F59755","Perch"
2022-10-05,418.762420782401,53.1012568732481,18.5949234850725,3162.58253532411,1043,FALSE,NA,"F59755","Perch"
2022-10-06,1877.05017542214,110.411940988641,103.126308826048,1728.80526348658,1949,FALSE,NA,"F59755","Perch"
2022-10-07,1417.42274041069,97.309426441142,63.8127907438192,1229.00006750928,1669,FALSE,NA,"F59755","Perch"
2022-10-08,723.573370354898,71.9363705531956,31.5133176688435,771.349701781254,1064,FALSE,NA,"F59755","Perch"
2022-10-09,348.952693184563,81.2983464107479,37.638403638747,565.12881110226,424,FALSE,NA,"F59755","Perch"
2022-10-10,804.977448615055,189.04274222295,136.140161728467,1729.12282160685,482,FALSE,NA,"F59755","Perch"
2022-10-11,1535.75349425249,135.247308507095,113.141296644722,1158.7131771183,1269,FALSE,NA,"F59755","Perch"
2022-10-12,688.442741908258,127.999390324668,99.5605060875449,993.307994356321,566,FALSE,NA,"F59755","Perch"
2022-10-13,1739.19438572142,151.46525375231,111.838483075669,4287.70640159717,1324,FALSE,NA,"F59755","Perch"
2022-10-14,1406.39156853271,89.4954135695579,72.5387068236109,1963.14392064758,1851,FALSE,NA,"F59755","Perch"
2022-10-15,1103.14870098541,70.0008406425858,33.3425720005148,690.761924265891,1637,FALSE,NA,"F59755","Perch"
2022-10-16,1236.93512015101,124.864578010249,105.745819374427,1110.29034522952,1105,FALSE,NA,"F59755","Perch"
2022-10-17,159.605055117013,139.342968042774,33.7056499657845,1578.76975979531,105,FALSE,NA,"F59755","Perch"
2022-10-18,50.2360296961178,228.425470198425,236.007489279981,398.17824575611,19,TRUE,NA,"F59755","Perch"
2022-10-19,859.540772055279,134.580614717103,105.543169701495,1157.50859462729,557,FALSE,NA,"F59755","Perch"
2022-10-20,738.316146511256,139.6648078084,100.819940964658,1574.74168699867,491,FALSE,NA,"F59755","Perch"
2022-10-21,750.211256325034,104.519024814651,89.7148496880173,812.727193285871,499,FALSE,NA,"F59755","Perch"
2022-10-22,1031.07605953412,132.044049013804,107.822964082329,1235.73568884038,658,FALSE,NA,"F59755","Perch"
2022-10-23,882.421902403565,106.984134282152,87.1132933245944,1080.57042505347,725,FALSE,NA,"F59755","Perch"
2022-10-24,877.326272923845,107.622035939157,84.78728489471,2001.80000620884,639,FALSE,NA,"F59755","Perch"
2022-10-25,745.941656359389,108.475211625082,84.2245267670375,1879.58606538683,440,FALSE,NA,"F59755","Perch"
2022-10-26,944.388496344983,120.859107237085,90.8378201472965,1254.40842683593,638,FALSE,NA,"F59755","Perch"
2022-10-27,962.680886826167,140.205113434298,118.156552077039,1886.69679902516,644,FALSE,NA,"F59755","Perch"
2022-10-28,828.343521457219,102.507978240934,82.543451989291,1007.95701655147,551,FALSE,NA,"F59755","Perch"
2022-10-29,1391.24012032924,166.306172282643,128.690261652434,1700.81513915858,659,FALSE,NA,"F59755","Perch"
2022-09-26,1223.50781940006,103.96441106188,32.8338515579527,9303.14226944424,1287,FALSE,NA,"F59757","Perch"
2022-09-27,1931.39510578305,139.554393947641,57.9337806853972,4065.37630187041,1466,FALSE,NA,"F59757","Perch"
2022-09-28,1496.48837206907,134.215523543397,38.7063689873134,4485.60733959146,1236,FALSE,NA,"F59757","Perch"
2022-09-29,2230.92990586763,161.40792644072,64.3105077622811,3942.63893251725,810,FALSE,NA,"F59757","Perch"
2022-09-30,386.81534855524,260.284767707113,38.8437098504663,3681.14555770843,97,FALSE,NA,"F59757","Perch"
2022-10-01,311.536629674058,53.3273232974042,32.2711941836008,1698.42161998509,630,FALSE,NA,"F59757","Perch"
2022-10-02,124.393602428338,53.8783673910235,20.0371906726853,548.68895655491,198,TRUE,NA,"F59757","Perch"
2022-10-03,610.151615292419,56.6747928945686,19.4334987378354,1398.34924370971,685,FALSE,NA,"F59757","Perch"
2022-10-04,226.712361650099,20.6105329171752,8.12790776368445,943.466764812422,1247,FALSE,NA,"F59757","Perch"
2022-10-05,149.467524346149,15.5848934142104,6.57266068375572,892.720315305955,846,TRUE,NA,"F59757","Perch"
2022-10-06,192.946727297202,44.7592593580565,16.0619237908241,985.912303871234,510,FALSE,NA,"F59757","Perch"
2022-10-07,313.35833558638,167.136581968885,5.33584202088172,2641.96843811658,63,FALSE,NA,"F59757","Perch"
2022-10-08,558.783228468327,171.895572318282,6.34092999820202,3228.83143698287,150,FALSE,NA,"F59757","Perch"
2022-10-09,7.77561084386638,1.3619933780199,0.358655487635313,6.16320690971602,8,TRUE,TRUE,"F59757","Perch"
2022-10-10,15.8137043018693,0.707184504257493,0.8517088899209,1.23023275388408,3,TRUE,TRUE,"F59757","Perch"
2022-10-11,1.40214633587585,0.0941797463093943,0.0941797463093943,0.0941797463093943,1,TRUE,TRUE,"F59757","Perch"
2022-10-12,18.6886081595778,9.25123499853645,1.17368088584296,46.8286671480854,10,TRUE,TRUE,"F59757","Perch"
2022-10-13,6.87025790058879,7.93761796569987,5.36110265989882,28.5852774442441,27,TRUE,TRUE,"F59757","Perch"
2022-09-26,1342.3075092754,88.016328541042,30.6427988015284,4817.78583028287,1850,FALSE,NA,"F59764","Perch"
2022-09-27,693.68658012814,40.195264284964,17.0595999150032,2961.2292545896,2244,FALSE,NA,"F59764","Perch"
2022-09-28,951.581012003024,67.7533543068005,42.4123037745235,2245.02261094294,1842,FALSE,NA,"F59764","Perch"
2022-09-29,923.387203709253,48.3299334328575,25.6545523509958,1071.96330047141,2312,FALSE,NA,"F59764","Perch"
2022-09-30,744.674300791602,38.5571023951652,23.8872000539347,1094.69446397247,2493,FALSE,NA,"F59764","Perch"
2022-10-01,1297.6817090712,60.038041017427,40.9057320506838,2937.09790200727,2753,FALSE,NA,"F59764","Perch"
2022-10-02,1786.12945877209,100.767772616154,35.496733671262,2473.97296194135,2232,FALSE,NA,"F59764","Perch"
2022-10-03,1210.36056005502,66.5908622460895,37.0749660619401,2868.69493288624,2246,FALSE,NA,"F59764","Perch"
2022-10-04,909.971088186401,62.6616435752432,33.9997021466416,3368.73324378552,1839,FALSE,NA,"F59764","Perch"
2022-10-05,1354.11378620121,75.3915950987472,41.6027621846459,1336.7616530099,2129,FALSE,NA,"F59764","Perch"
2022-10-06,1875.98697537319,111.081233372357,94.703323849778,957.742651836526,1930,FALSE,NA,"F59764","Perch"
2022-10-07,1734.87375906201,106.28034260406,94.2601783863341,2488.91111989583,1932,FALSE,NA,"F59764","Perch"
2022-10-08,721.177704716884,96.8116990355625,21.1759301649607,921.424698825741,876,FALSE,NA,"F59764","Perch"
2022-09-26,26.0208977493935,62.7677034744914,17.9523161836998,425.094367408799,26,TRUE,NA,"F59790","Perch"
2022-09-27,157.172220814246,64.3050463005137,42.8893607703691,414.12589911969,247,FALSE,NA,"F59790","Perch"
2022-09-28,672.469259559709,125.098661312473,59.5715054643121,5382.9783793408,588,FALSE,NA,"F59790","Perch"
2022-09-29,642.417089383433,95.5689425978174,42.7054612665052,3117.67590382977,797,FALSE,NA,"F59790","Perch"
2022-09-30,493.135572079969,29.2057535613349,11.8132419924715,713.457141845788,1941,FALSE,NA,"F59790","Perch"
2022-10-01,1415.57242808018,81.2138716667749,20.1361617521678,3724.39471589403,2100,FALSE,NA,"F59790","Perch"
2022-10-02,589.304448665107,36.2043188612502,12.9372416438952,1969.73587511676,1957,FALSE,NA,"F59790","Perch"
2022-10-03,120.934906839888,94.9246601060629,43.1682433603269,926.68307372719,138,FALSE,NA,"F59790","Perch"
2022-10-04,1549.98093028928,71.0420440201555,30.4259827337311,6268.80127220779,2532,FALSE,NA,"F59790","Perch"
2022-10-05,850.298187312937,57.5696653869064,25.7996744219205,1433.31662909042,1801,FALSE,NA,"F59790","Perch"
2022-10-06,974.45612172251,102.378183674197,47.8810217773815,1884.06587140004,1093,FALSE,NA,"F59790","Perch"
2022-10-07,631.574462518363,105.363026907741,33.8126408269689,2229.42985379346,617,FALSE,NA,"F59790","Perch"
2022-10-08,278.447054240354,145.211181832972,88.3706829135381,1054.0395473638,197,FALSE,NA,"F59790","Perch"
2022-10-09,317.167854438997,173.593449726945,149.777041261721,1352.6499625277,142,FALSE,NA,"F59790","Perch"
2022-10-10,560.938671633235,214.896925726871,176.636314731507,2157.42560281148,287,FALSE,NA,"F59790","Perch"
2022-10-11,1558.17582811861,158.671924176057,78.0321325781793,8614.99884533916,986,FALSE,NA,"F59790","Perch"
2022-10-12,513.740786593878,44.7261522415179,16.8032348824452,1811.91649902244,1303,FALSE,NA,"F59790","Perch"
2022-10-13,287.32987582201,41.3672088338893,13.643960287788,3409.61642750412,846,FALSE,NA,"F59790","Perch"
2022-10-14,549.036370960161,150.337260280153,45.2826411383111,7663.13502348654,375,FALSE,NA,"F59790","Perch"
2022-10-15,197.71522029536,141.22632697651,70.7851887906775,4098.82269411583,154,FALSE,NA,"F59790","Perch"
2022-10-16,1180.24489691486,226.339093285737,64.7350696776991,4376.50136486605,570,FALSE,NA,"F59790","Perch"
2022-10-17,266.098123059512,134.806392497477,120.028706853358,1073.26872565322,204,FALSE,NA,"F59790","Perch"
2022-10-18,443.779596402618,106.066905728096,67.3401477807187,2684.26444940773,387,FALSE,NA,"F59790","Perch"
2022-10-19,266.902747298823,43.673954018216,27.3144512776796,786.950470436137,725,FALSE,NA,"F59790","Perch"
2022-10-20,50.4031711701144,91.2461407633686,58.1284708117088,1286.9292578901,54,TRUE,TRUE,"F59790","Perch"
2022-10-21,64.6235860417553,58.5583382549591,36.4528507043987,268.603082659718,91,TRUE,TRUE,"F59790","Perch"
2022-10-22,189.927949970636,72.462491722042,59.4590386240433,767.054655204376,287,FALSE,NA,"F59790","Perch"
2022-10-23,108.349878810245,46.9683113533989,33.0430759310246,281.796264035482,234,FALSE,NA,"F59790","Perch"
2022-10-24,220.280529418992,59.3676699401453,41.709622643205,816.970127760871,314,FALSE,NA,"F59790","Perch"
2022-10-25,367.316043325356,64.0368335519415,41.0453807900051,2056.4042182203,536,FALSE,NA,"F59790","Perch"
2022-10-26,242.928152683719,56.4984673043453,31.476089280738,1179.27215070394,400,FALSE,NA,"F59790","Perch"
2022-10-27,466.76536489884,98.3509354922009,35.5800437812465,3002.51227040063,523,FALSE,NA,"F59790","Perch"
2022-10-28,344.810387299517,77.5347749104134,42.9530443834365,1225.91195665861,430,FALSE,NA,"F59790","Perch"
2022-10-29,263.611455830255,124.74099432568,66.5330019778318,1064.3509171189,222,FALSE,NA,"F59790","Perch"
2022-09-26,265.028673750424,117.570914113245,75.5289694132672,1013.05327351182,185,FALSE,NA,"F59792","Perch"
2022-09-27,1939.32865103343,170.695875231982,95.1232334779389,2476.41803925926,1097,FALSE,NA,"F59792","Perch"
2022-09-28,899.4855870702,247.296332697589,175.940029212493,2218.14719546735,278,FALSE,NA,"F59792","Perch"
2022-09-29,1037.8735734844,81.5133231985047,41.554615536922,3113.55998880047,1389,FALSE,NA,"F59792","Perch"
2022-09-30,1539.8886865917,124.387053585984,86.636143235639,2027.1905561927,1288,FALSE,NA,"F59792","Perch"
2022-10-01,1804.58984501531,124.764264318798,95.5231776669869,2401.94742007005,1715,FALSE,NA,"F59792","Perch"
2022-10-02,1627.62083216744,141.910567673101,36.1816410789406,8054.19352886228,1027,FALSE,NA,"F59792","Perch"
2022-10-03,1274.12868253375,83.1712210537213,33.4177000966326,2808.62436866641,1490,FALSE,NA,"F59792","Perch"
2022-10-04,1738.31179425974,145.499900600692,47.1673413439854,6554.0204778121,1155,FALSE,NA,"F59792","Perch"
2022-10-05,1507.7824253736,157.186358761061,104.096755912385,5415.0518069862,1016,FALSE,NA,"F59792","Perch"
2022-10-06,2014.79518364244,158.075892799935,89.2179927751458,3868.87538514283,1122,FALSE,NA,"F59792","Perch"
2022-10-07,42.5883353932744,104.685781745271,6.83485028845836,1532.88583931405,23,TRUE,NA,"F59792","Perch"
2022-10-08,278.178824898789,55.9691286605586,15.9783604021776,1745.11876251364,516,FALSE,NA,"F59792","Perch"
2022-10-09,1255.72836354574,72.5629616170728,33.0084639411589,885.18349912932,1773,FALSE,NA,"F59792","Perch"
2022-10-10,89.9959110107528,195.029815236845,62.3000991831742,2583.20770114374,34,TRUE,NA,"F59792","Perch"
2022-10-11,1066.59493352839,188.99519806674,60.6730495772792,8307.22509653863,505,FALSE,NA,"F59792","Perch"
2022-10-12,349.077570792778,66.5624953654536,21.894733153452,740.311410843418,414,FALSE,NA,"F59792","Perch"
2022-10-13,452.196494543014,193.674183823069,106.544748699879,2405.27128128815,150,FALSE,NA,"F59792","Perch"
2022-10-14,1901.03534605815,124.14951490729,87.2076996274472,1092.08044265396,1585,FALSE,NA,"F59792","Perch"
2022-10-15,261.366326199563,70.1466725361642,16.4698495974494,738.614448081789,170,FALSE,NA,"F59792","Perch"
2022-10-16,236.712866078424,96.1715757544106,16.2108048744212,3244.95065133858,217,FALSE,NA,"F59792","Perch"
2022-10-17,525.901512168425,97.3748321767807,20.622672317601,2313.96916858032,395,FALSE,NA,"F59792","Perch"
2022-10-18,16.6776426902833,156.092691880062,111.126450399563,369.391866698325,10,TRUE,TRUE,"F59792","Perch"
2022-10-19,20.6085400609788,16.3151842088717,3.36559057056197,201.267601118548,46,TRUE,TRUE,"F59792","Perch"
2022-10-20,114.176175215695,14.3300073097422,9.77414880279354,115.670372036108,828,TRUE,TRUE,"F59792","Perch"
2022-10-21,13.5649051360826,13.0395986729946,6.99947857850103,138.195128820989,73,TRUE,TRUE,"F59792","Perch"
2022-10-22,2.55643796421571,12.9476340459541,0.470933107421654,95.38528698154,8,TRUE,TRUE,"F59792","Perch"
2022-10-23,2.93371253491266,1.62992285584468,0.338688347659748,9.34326898663182,9,TRUE,TRUE,"F59792","Perch"
2022-10-24,2.14497503396509,0.286583431098044,0.286583431098044,0.482139035425875,2,TRUE,TRUE,"F59792","Perch"
2022-10-27,1.82141541387196,0.021737382776823,0.021737382776823,0.021737382776823,1,TRUE,TRUE,"F59792","Perch"
2022-09-26,436.864849746064,26.7642383225061,12.91472267095,1197.48568865302,2060,FALSE,NA,"F59801","Perch"
2022-09-27,556.056522284405,50.7057107753799,26.7821128590258,1110.12349887476,1295,FALSE,NA,"F59801","Perch"
2022-09-28,475.195839419703,56.5604982887029,26.9568005804919,986.810844761941,1002,FALSE,NA,"F59801","Perch"
2022-09-29,281.941155010472,15.6664604727621,6.29787920053554,267.833520490904,2200,FALSE,NA,"F59801","Perch"
2022-09-30,204.739288444326,12.0444075768843,5.92425880526476,190.570299462847,2165,FALSE,NA,"F59801","Perch"
2022-10-01,717.938208420178,49.8463643488399,13.6141793961076,1169.83599482942,1653,FALSE,NA,"F59801","Perch"
2022-10-02,280.375754229532,32.0772244351475,6.30816660820334,2038.72545120803,906,FALSE,NA,"F59801","Perch"
2022-10-03,296.147791949655,24.2046946896949,6.08437724273807,2146.47222826298,1458,FALSE,NA,"F59801","Perch"
2022-10-04,392.225037008603,26.2899135028596,9.82107393710129,1538.90919977218,1808,FALSE,NA,"F59801","Perch"
2022-10-05,678.017402149448,54.4762066970169,23.4724068712009,1667.81370069574,1439,FALSE,NA,"F59801","Perch"
2022-10-06,783.170095474428,55.0099357003995,19.6159645523309,2046.21084895174,1682,FALSE,NA,"F59801","Perch"
2022-10-07,337.958766921571,29.5468652537867,7.28370511418612,1139.27461647583,1215,FALSE,NA,"F59801","Perch"
2022-10-08,1054.17460701987,183.352470316403,97.2306503126354,3725.22688114165,688,FALSE,NA,"F59801","Perch"
2022-10-09,844.3417263678,62.2867733554656,20.4327322271204,2894.08392165759,1671,FALSE,NA,"F59801","Perch"
2022-10-10,126.274586063496,26.6636790108322,10.6923846892938,628.012009777357,442,FALSE,NA,"F59801","Perch"
2022-10-11,50.4675529017107,46.6604392453041,17.4836233530761,374.161942277286,84,TRUE,NA,"F59801","Perch"
2022-10-12,88.0794288744425,42.3656998628313,6.71162930093165,1759.92257648656,201,FALSE,NA,"F59801","Perch"
2022-10-13,55.0325376577156,11.3525713033817,3.84273943993948,643.379309227003,447,TRUE,TRUE,"F59801","Perch"
2022-10-14,31.4820151173353,79.9018926342117,38.0020539714542,441.513776672117,31,TRUE,TRUE,"F59801","Perch"
2022-10-15,210.733922828036,29.8103426444136,5.90972537007044,1691.96493190558,809,FALSE,NA,"F59801","Perch"
2022-10-16,206.481039926883,21.6180821121459,6.25293482701596,353.530556917283,1126,FALSE,NA,"F59801","Perch"
2022-10-17,144.528634455737,105.96725799828,52.1394418274905,541.704030694843,133,FALSE,NA,"F59801","Perch"
2022-10-18,145.263461992447,41.3837821261239,11.1841700152547,670.688537034941,293,FALSE,NA,"F59801","Perch"
2022-10-19,803.045771164504,51.4735800324304,18.1681159110783,3427.00152068453,1518,FALSE,NA,"F59801","Perch"
2022-10-20,311.822604535096,73.8647189449354,28.8534539800038,801.259195070057,350,FALSE,NA,"F59801","Perch"
2022-10-21,230.528134532275,50.7457085485016,23.9580762672103,334.325578971064,252,FALSE,NA,"F59801","Perch"
2022-10-22,472.626955795962,110.754409975879,72.7830772234691,1295.57062313026,269,FALSE,NA,"F59801","Perch"
2022-10-23,797.9420549208,102.517760351947,86.296500266909,712.925592070676,624,FALSE,NA,"F59801","Perch"
2022-10-24,479.558951025543,93.7760597429399,73.4762955110197,1107.78007372483,336,FALSE,NA,"F59801","Perch"
2022-10-25,620.229487013669,59.0199983926051,41.0774028433384,1963.78719146632,631,FALSE,NA,"F59801","Perch"
2022-10-26,883.288189078796,79.523415201293,59.64482308085,818.482830280122,666,FALSE,NA,"F59801","Perch"
2022-10-27,356.814507029232,70.3422898171065,27.5381459416035,2802.79379588836,397,FALSE,NA,"F59801","Perch"
2022-10-28,661.965204931697,77.0533161087362,56.1262595039272,1351.59583729472,637,FALSE,NA,"F59801","Perch"
2022-10-29,758.750579891573,109.903106146722,61.6057368133428,3078.697643785,530,FALSE,NA,"F59801","Perch"
